{
  "anvil_cost": 2,
  "description": {
    "translate": "enchantment.minecraft.lure"
  },
  "effects": {
    "minecraft:fishing_time_reduction": [
      {
        "effect": {
          "type": "minecraft:add",
          "value": {
            "type": "minecraft:linear",
            "base": 5.0,
            "per_level_above_first": 5.0
          }
        }
      }
    ]
  },
  "max_cost": {
    "base": 65,
    "per_level_above_first": 9
  },
  "max_level": 5,
  "min_cost": {
    "base": 15,
    "per_level_above_first": 9
  },
  "slots": [
    "mainhand"
  ],
  "supported_items": "#minecraft:enchantable/fishing",
  "weight": 2
}